{
    "shuffle_percentages": [
        0.05,
        0.1,
        0.15,
        0.2,
        0.25,
        0.3,
        0.35,
        0.4,
        0.45,
        0.5
    ],
    "cosine_similarities": [
        0.950163197517395,
        0.9005812048912049,
        0.8503953099250794,
        0.8005424857139587,
        0.7500458002090454,
        0.7003795146942139,
        0.6505895853042603,
        0.6002175092697144,
        0.5511306166648865,
        0.500182694196701
    ],
    "std_deviations": [
        0.0002790293070616338,
        0.0004847713009102702,
        0.00040421550061779215,
        0.0003997696249372697,
        0.0004923123485800725,
        0.0007751547672350617,
        0.000914985408176904,
        0.0009660088089108118,
        0.0010280232279391397,
        0.000923094018579408
    ]
}